{"info":{"domain":"kapilwf","name":"kapilwf","description":"Zvolv WorkSpace Export Automation","schema":"http://json-schema.org/draft-04/schema#","exportedBy":1,"exportedAt":"2024-04-18T06:41:30.723Z","exportedFrom":"kapilwf.twig-me.com","version":"1.0.0"},"automations":[{"id":174,"title":"new test bot","description":"","framework":"LEGACY","codeUrl":"http://app.twig-me.com/storj/TM_ORG_449VZ2DY54AF3_TM_S3_TEMP_FILES_1698841738_623019567_newtestbot.py","codeSnippet":"","createdAt":"Wed Nov 01 2023 12:27:39 GMT+0000 (Coordinated Universal Time)","version":2,"modifiedBy":1,"modifiedAt":"Wed Nov 01 2023 12:28:58 GMT+0000 (Coordinated Universal Time)","uuid":"29e12b32-6e93-446d-b9a2-fce1aedc5585","isSelected":true}],"triggers":[]}